{
  "name": "CallOfCthulhu7Ed",
  "title": "Testowe",
  "description": "Simple Cthulhu sheet.",
  "version": 0.36,
  "minimumCoreVersion": "0.5.6",
  "compatibleCoreVersion": "0.6.5",
  "templateVersion": 2,
  "author": "Atropos",
  "esmodules": ["module/simple.js"],
  "styles": ["styles/simple.css"],
  "packs": [],
  "languages": [],
  "gridDistance": 5,
  "gridUnits": "ft",
  "primaryTokenAttribute": "health",
  "secondaryTokenAttribute": "power",
  "url": "https://github.com/Rennalke/ktulu",
  "manifest": "https://raw.githubusercontent.com/Rennalke/ktulu/master/ktulu/system.json",
  "download": "ktulu/ktulu.rar",
  "license": "LICENSE.txt"
}
